Date,Close,Ticker
1980-11-03,1595.2,M2
1980-11-10,1601.2,M2
1980-11-17,1602.9,M2
1980-11-24,1594.8,M2
1980-12-01,1599.8,M2
1980-12-08,1605.3,M2
1980-12-15,1606.3,M2
1980-12-22,1602.5,M2
1980-12-29,1601.8,M2
1981-01-05,1620.7,M2
1981-01-12,1616.7,M2
1981-01-19,1614.4,M2
1981-01-26,1599.8,M2
1981-02-02,1601.0,M2
1981-02-09,1610.7,M2
1981-02-16,1611.8,M2
1981-02-23,1609.0,M2
1981-03-02,1615.7,M2
1981-03-09,1629.4,M2
1981-03-16,1633.5,M2
1981-03-23,1630.9,M2
1981-03-30,1637.5,M2
1981-04-06,1663.6,M2
1981-04-13,1669.5,M2
1981-04-20,1672.1,M2
1981-04-27,1657.1,M2
1981-05-04,1657.3,M2
1981-05-11,1659.1,M2
1981-05-18,1655.8,M2
1981-05-25,1648.4,M2
1981-06-01,1656.7,M2
1981-06-08,1667.5,M2
1981-06-15,1671.1,M2
1981-06-22,1665.4,M2
1981-06-29,1661.8,M2
1981-07-06,1688.5,M2
1981-07-13,1687.5,M2
1981-07-20,1685.6,M2
1981-07-27,1679.3,M2
1981-08-03,1687.4,M2
1981-08-10,1699.3,M2
1981-08-17,1695.9,M2
1981-08-24,1690.5,M2
1981-08-31,1693.3,M2
1981-09-07,1706.4,M2
1981-09-14,1714.4,M2
1981-09-21,1706.1,M2
1981-09-28,1697.7,M2
1981-10-05,1722.1,M2
1981-10-12,1729.4,M2
1981-10-19,1729.5,M2
1981-10-26,1720.8,M2
1981-11-02,1728.3,M2
1981-11-09,1740.8,M2
1981-11-16,1743.8,M2
1981-11-23,1735.2,M2
1981-11-30,1744.6,M2
1981-12-07,1759.2,M2
1981-12-14,1759.1,M2
1981-12-21,1760.2,M2
1981-12-28,1758.2,M2
1982-01-04,1780.1,M2
1982-01-11,1783.3,M2
1982-01-18,1776.5,M2
1982-01-25,1761.4,M2
1982-02-01,1762.5,M2
1982-02-08,1767.9,M2
1982-02-15,1767.1,M2
1982-02-22,1761.3,M2
1982-03-01,1765.5,M2
1982-03-08,1779.6,M2
1982-03-15,1782.9,M2
1982-03-22,1779.7,M2
1982-03-29,1780.8,M2
1982-04-05,1808.5,M2
1982-04-12,1816.3,M2
1982-04-19,1813.8,M2
1982-04-26,1799.4,M2
1982-05-03,1795.3,M2
1982-05-10,1805.0,M2
1982-05-17,1804.9,M2
1982-05-24,1801.9,M2
1982-05-31,1808.8,M2
1982-06-07,1825.5,M2
1982-06-14,1828.9,M2
1982-06-21,1822.6,M2
1982-06-28,1813.3,M2
1982-07-05,1836.5,M2
1982-07-12,1840.6,M2
1982-07-19,1834.4,M2
1982-07-26,1828.1,M2
1982-08-02,1834.5,M2
1982-08-09,1847.1,M2
1982-08-16,1848.2,M2
1982-08-23,1844.2,M2
1982-08-30,1843.9,M2
1982-09-06,1859.5,M2
1982-09-13,1867.0,M2
1982-09-20,1860.8,M2
1982-09-27,1848.5,M2
1982-10-04,1869.8,M2
1982-10-11,1877.6,M2
1982-10-18,1878.0,M2
1982-10-25,1869.8,M2
1982-11-01,1877.5,M2
1982-11-08,1890.6,M2
1982-11-15,1893.7,M2
1982-11-22,1887.5,M2
1982-11-29,1887.8,M2
1982-12-06,1901.5,M2
1982-12-13,1900.9,M2
1982-12-20,1915.9,M2
1982-12-27,1921.4,M2
1983-01-03,1945.4,M2
1983-01-10,1966.3,M2
1983-01-17,1967.8,M2
1983-01-24,1960.8,M2
1983-01-31,1963.5,M2
1983-02-07,1983.4,M2
1983-02-14,1986.3,M2
1983-02-21,1984.3,M2
1983-02-28,1989.0,M2
1983-03-07,2008.8,M2
1983-03-14,2010.2,M2
1983-03-21,2009.6,M2
1983-03-28,2006.0,M2
1983-04-04,2033.0,M2
1983-04-11,2041.8,M2
1983-04-18,2037.2,M2
1983-04-25,2022.9,M2
1983-05-02,2022.0,M2
1983-05-09,2032.3,M2
1983-05-16,2034.8,M2
1983-05-23,2030.6,M2
1983-05-30,2031.0,M2
1983-06-06,2055.1,M2
1983-06-13,2059.9,M2
1983-06-20,2052.4,M2
1983-06-27,2040.1,M2
1983-07-04,2064.4,M2
1983-07-11,2078.0,M2
1983-07-18,2071.1,M2
1983-07-25,2062.0,M2
1983-08-01,2065.8,M2
1983-08-08,2077.4,M2
1983-08-15,2077.7,M2
1983-08-22,2070.8,M2
1983-08-29,2063.9,M2
1983-09-05,2080.6,M2
1983-09-12,2088.4,M2
1983-09-19,2082.5,M2
1983-09-26,2070.7,M2
1983-10-03,2087.0,M2
1983-10-10,2106.0,M2
1983-10-17,2107.1,M2
1983-10-24,2098.5,M2
1983-10-31,2097.9,M2
1983-11-07,2117.0,M2
1983-11-14,2122.4,M2
1983-11-21,2117.3,M2
1983-11-28,2114.5,M2
1983-12-05,2128.8,M2
1983-12-12,2134.0,M2
1983-12-19,2132.8,M2
1983-12-26,2128.3,M2
1984-01-02,2147.5,M2
1984-01-09,2164.1,M2
1984-01-16,2153.2,M2
1984-01-23,2137.4,M2
1984-01-30,2122.5,M2
1984-02-06,2147.7,M2
1984-02-13,2149.2,M2
1984-02-20,2148.0,M2
1984-02-27,2143.7,M2
1984-03-05,2162.4,M2
1984-03-12,2169.1,M2
1984-03-19,2169.0,M2
1984-03-26,2164.5,M2
1984-04-02,2183.3,M2
1984-04-09,2204.6,M2
1984-04-16,2204.7,M2
1984-04-23,2193.0,M2
1984-04-30,2177.4,M2
1984-05-07,2190.1,M2
1984-05-14,2193.9,M2
1984-05-21,2193.1,M2
1984-05-28,2185.2,M2
1984-06-04,2211.2,M2
1984-06-11,2221.1,M2
1984-06-18,2216.7,M2
1984-06-25,2202.7,M2
1984-07-02,2219.2,M2
1984-07-09,2236.7,M2
1984-07-16,2234.5,M2
1984-07-23,2222.9,M2
1984-07-30,2216.3,M2
1984-08-06,2233.4,M2
1984-08-13,2233.3,M2
1984-08-20,2229.7,M2
1984-08-27,2220.0,M2
1984-09-03,2232.7,M2
1984-09-10,2251.9,M2
1984-09-17,2247.6,M2
1984-09-24,2232.2,M2
1984-10-01,2243.1,M2
1984-10-08,2261.7,M2
1984-10-15,2266.7,M2
1984-10-22,2256.7,M2
1984-10-29,2252.7,M2
1984-11-05,2276.3,M2
1984-11-12,2285.4,M2
1984-11-19,2290.2,M2
1984-11-26,2285.6,M2
1984-12-03,2295.4,M2
1984-12-10,2312.6,M2
1984-12-17,2315.1,M2
1984-12-24,2319.1,M2
1984-12-31,2332.2,M2
1985-01-07,2353.0,M2
1985-01-14,2348.0,M2
1985-01-21,2339.5,M2
1985-01-28,2324.0,M2
1985-02-04,2338.5,M2
1985-02-11,2344.9,M2
1985-02-18,2344.1,M2
1985-02-25,2339.1,M2
1985-03-04,2354.5,M2
1985-03-11,2362.8,M2
1985-03-18,2359.2,M2
1985-03-25,2353.8,M2
1985-04-01,2368.1,M2
1985-04-08,2389.7,M2
1985-04-15,2389.8,M2
1985-04-22,2380.9,M2
1985-04-29,2359.3,M2
1985-05-06,2371.6,M2
1985-05-13,2375.5,M2
1985-05-20,2378.7,M2
1985-05-27,2372.8,M2
1985-06-03,2393.6,M2
1985-06-10,2416.7,M2
1985-06-17,2416.9,M2
1985-06-24,2407.5,M2
1985-07-01,2421.1,M2
1985-07-08,2443.4,M2
1985-07-15,2440.8,M2
1985-07-22,2431.6,M2
1985-07-29,2422.9,M2
1985-08-05,2443.2,M2
1985-08-12,2446.6,M2
1985-08-19,2444.4,M2
1985-08-26,2434.6,M2
1985-09-02,2441.3,M2
1985-09-09,2463.1,M2
1985-09-16,2458.8,M2
1985-09-23,2441.6,M2
1985-09-30,2448.6,M2
1985-10-07,2472.9,M2
1985-10-14,2470.8,M2
1985-10-21,2468.7,M2
1985-10-28,2455.2,M2
1985-11-04,2474.1,M2
1985-11-11,2481.4,M2
1985-11-18,2483.2,M2
1985-11-25,2477.3,M2
1985-12-02,2491.3,M2
1985-12-09,2503.6,M2
1985-12-16,2501.6,M2
1985-12-23,2502.1,M2
1985-12-30,2505.3,M2
1986-01-06,2536.0,M2
1986-01-13,2521.5,M2
1986-01-20,2510.2,M2
1986-01-27,2492.2,M2
1986-02-03,2494.4,M2
1986-02-10,2506.8,M2
1986-02-17,2502.1,M2
1986-02-24,2498.4,M2
1986-03-03,2507.9,M2
1986-03-10,2527.1,M2
1986-03-17,2527.9,M2
1986-03-24,2523.2,M2
1986-03-31,2535.2,M2
1986-04-07,2570.7,M2
1986-04-14,2573.0,M2
1986-04-21,2569.0,M2
1986-04-28,2550.4,M2
1986-05-05,2564.4,M2
1986-05-12,2569.8,M2
1986-05-19,2572.2,M2
1986-05-26,2566.6,M2
1986-06-02,2584.4,M2
1986-06-09,2610.1,M2
1986-06-16,2612.0,M2
1986-06-23,2598.8,M2
1986-06-30,2602.4,M2
1986-07-07,2639.8,M2
1986-07-14,2638.8,M2
1986-07-21,2632.3,M2
1986-07-28,2621.1,M2
1986-08-04,2641.5,M2
1986-08-11,2651.0,M2
1986-08-18,2648.7,M2
1986-08-25,2636.5,M2
1986-09-01,2644.5,M2
1986-09-08,2670.4,M2
1986-09-15,2667.7,M2
1986-09-22,2656.4,M2
1986-09-29,2651.1,M2
1986-10-06,2686.7,M2
1986-10-13,2688.4,M2
1986-10-20,2688.8,M2
1986-10-27,2674.7,M2
1986-11-03,2690.1,M2
1986-11-10,2705.8,M2
1986-11-17,2707.9,M2
1986-11-24,2697.1,M2
1986-12-01,2716.6,M2
1986-12-08,2730.0,M2
1986-12-15,2731.0,M2
1986-12-22,2738.5,M2
1986-12-29,2751.5,M2
1987-01-05,2794.4,M2
1987-01-12,2770.7,M2
1987-01-19,2750.2,M2
1987-01-26,2728.4,M2
1987-02-02,2727.9,M2
1987-02-09,2742.6,M2
1987-02-16,2736.8,M2
1987-02-23,2730.2,M2
1987-03-02,2733.7,M2
1987-03-09,2754.4,M2
1987-03-16,2751.5,M2
1987-03-23,2741.3,M2
1987-03-30,2742.5,M2
1987-04-06,2781.4,M2
1987-04-13,2787.9,M2
1987-04-20,2793.2,M2
1987-04-27,2764.0,M2
1987-05-04,2761.7,M2
1987-05-11,2760.2,M2
1987-05-18,2759.3,M2
1987-05-25,2751.9,M2
1987-06-01,2765.5,M2
1987-06-08,2786.5,M2
1987-06-15,2781.7,M2
1987-06-22,2766.0,M2
1987-06-29,2755.4,M2
1987-07-06,2800.8,M2
1987-07-13,2792.6,M2
1987-07-20,2784.6,M2
1987-07-27,2770.6,M2
1987-08-03,2781.4,M2
1987-08-10,2796.7,M2
1987-08-17,2792.5,M2
1987-08-24,2780.3,M2
1987-08-31,2778.2,M2
1987-09-07,2801.9,M2
1987-09-14,2807.3,M2
1987-09-21,2790.9,M2
1987-09-28,2774.1,M2
1987-10-05,2811.1,M2
1987-10-12,2809.6,M2
1987-10-19,2812.7,M2
1987-10-26,2809.3,M2
1987-11-02,2810.7,M2
1987-11-09,2826.4,M2
1987-11-16,2825.0,M2
1987-11-23,2815.7,M2
1987-11-30,2818.6,M2
1987-12-07,2839.3,M2
1987-12-14,2836.9,M2
1987-12-21,2836.8,M2
1987-12-28,2835.4,M2
1988-01-04,2864.7,M2
1988-01-11,2868.9,M2
1988-01-18,2861.9,M2
1988-01-25,2844.3,M2
1988-02-01,2844.6,M2
1988-02-08,2861.0,M2
1988-02-15,2859.4,M2
1988-02-22,2858.8,M2
1988-02-29,2854.8,M2
1988-03-07,2883.7,M2
1988-03-14,2887.0,M2
1988-03-21,2887.9,M2
1988-03-28,2882.7,M2
1988-04-04,2920.7,M2
1988-04-11,2937.7,M2
1988-04-18,2934.2,M2
1988-04-25,2915.8,M2
1988-05-02,2903.6,M2
1988-05-09,2912.5,M2
1988-05-16,2913.1,M2
1988-05-23,2907.0,M2
1988-05-30,2906.4,M2
1988-06-06,2942.9,M2
1988-06-13,2941.4,M2
1988-06-20,2936.1,M2
1988-06-27,2920.1,M2
1988-07-04,2953.0,M2
1988-07-11,2967.3,M2
1988-07-18,2955.8,M2
1988-07-25,2939.9,M2
1988-08-01,2944.5,M2
1988-08-08,2960.6,M2
1988-08-15,2956.4,M2
1988-08-22,2947.5,M2
1988-08-29,2934.7,M2
1988-09-05,2957.6,M2
1988-09-12,2964.0,M2
1988-09-19,2952.6,M2
1988-09-26,2930.4,M2
1988-10-03,2951.0,M2
1988-10-10,2969.3,M2
1988-10-17,2971.2,M2
1988-10-24,2951.9,M2
1988-10-31,2952.9,M2
1988-11-07,2983.5,M2
1988-11-14,2985.3,M2
1988-11-21,2982.7,M2
1988-11-28,2979.8,M2
1988-12-05,2998.3,M2
1988-12-12,3001.1,M2
1988-12-19,2998.4,M2
1988-12-26,2991.7,M2
1989-01-02,3016.1,M2
1989-01-09,3026.3,M2
1989-01-16,3009.5,M2
1989-01-23,2988.9,M2
1989-01-30,2966.0,M2
1989-02-06,2988.2,M2
1989-02-13,2984.6,M2
1989-02-20,2981.6,M2
1989-02-27,2973.7,M2
1989-03-06,3003.0,M2
1989-03-13,3000.8,M2
1989-03-20,2998.3,M2
1989-03-27,2991.4,M2
1989-04-03,3013.9,M2
1989-04-10,3036.6,M2
1989-04-17,3035.9,M2
1989-04-24,3017.1,M2
1989-05-01,2998.8,M2
1989-05-08,3000.1,M2
1989-05-15,2998.9,M2
1989-05-22,2991.9,M2
1989-05-29,2988.0,M2
1989-06-05,3023.5,M2
1989-06-12,3029.0,M2
1989-06-19,3024.4,M2
1989-06-26,3008.3,M2
1989-07-03,3039.5,M2
1989-07-10,3069.7,M2
1989-07-17,3059.8,M2
1989-07-24,3045.9,M2
1989-07-31,3044.8,M2
1989-08-07,3075.6,M2
1989-08-14,3075.9,M2
1989-08-21,3074.0,M2
1989-08-28,3060.9,M2
1989-09-04,3081.2,M2
1989-09-11,3099.9,M2
1989-09-18,3090.3,M2
1989-09-25,3068.1,M2
1989-10-02,3089.2,M2
1989-10-09,3114.4,M2
1989-10-16,3117.6,M2
1989-10-23,3105.3,M2
1989-10-30,3098.8,M2
1989-11-06,3133.3,M2
1989-11-13,3137.6,M2
1989-11-20,3137.3,M2
1989-11-27,3134.4,M2
1989-12-04,3152.4,M2
1989-12-11,3161.8,M2
1989-12-18,3161.0,M2
1989-12-25,3161.4,M2
1990-01-01,3181.9,M2
1990-01-08,3195.7,M2
1990-01-15,3182.7,M2
1990-01-22,3163.6,M2
1990-01-29,3141.9,M2
1990-02-05,3169.4,M2
1990-02-12,3172.4,M2
1990-02-19,3169.7,M2
1990-02-26,3165.2,M2
1990-03-05,3188.9,M2
1990-03-12,3194.2,M2
1990-03-19,3191.8,M2
1990-03-26,3184.6,M2
1990-04-02,3206.1,M2
1990-04-09,3235.2,M2
1990-04-16,3238.4,M2
1990-04-23,3213.3,M2
1990-04-30,3190.5,M2
1990-05-07,3195.1,M2
1990-05-14,3191.1,M2
1990-05-21,3184.6,M2
1990-05-28,3173.8,M2
1990-06-04,3207.7,M2
1990-06-11,3218.1,M2
1990-06-18,3216.2,M2
1990-06-25,3194.2,M2
1990-07-02,3217.3,M2
1990-07-09,3238.3,M2
1990-07-16,3233.2,M2
1990-07-23,3214.1,M2
1990-07-30,3208.8,M2
1990-08-06,3238.0,M2
1990-08-13,3245.7,M2
1990-08-20,3242.6,M2
1990-08-27,3228.1,M2
1990-09-03,3245.5,M2
1990-09-10,3266.0,M2
1990-09-17,3255.2,M2
1990-09-24,3230.4,M2
1990-10-01,3242.6,M2
1990-10-08,3267.4,M2
1990-10-15,3265.2,M2
1990-10-22,3247.1,M2
1990-10-29,3236.5,M2
1990-11-05,3262.5,M2
1990-11-12,3268.2,M2
1990-11-19,3268.4,M2
1990-11-26,3261.3,M2
1990-12-03,3264.0,M2
1990-12-10,3284.8,M2
1990-12-17,3284.8,M2
1990-12-24,3283.1,M2
1990-12-31,3291.6,M2
1991-01-07,3309.9,M2
1991-01-14,3300.5,M2
1991-01-21,3287.4,M2
1991-01-28,3266.9,M2
1991-02-04,3287.9,M2
1991-02-11,3300.8,M2
1991-02-18,3296.1,M2
1991-02-25,3290.0,M2
1991-03-04,3313.9,M2
1991-03-11,3327.7,M2
1991-03-18,3327.0,M2
1991-03-25,3320.0,M2
1991-04-01,3339.8,M2
1991-04-08,3367.9,M2
1991-04-15,3371.0,M2
1991-04-22,3347.4,M2
1991-04-29,3313.8,M2
1991-05-06,3333.3,M2
1991-05-13,3335.1,M2
1991-05-20,3332.1,M2
1991-05-27,3318.2,M2
1991-06-03,3340.7,M2
1991-06-10,3364.4,M2
1991-06-17,3359.4,M2
1991-06-24,3330.5,M2
1991-07-01,3346.1,M2
1991-07-08,3374.8,M2
1991-07-15,3366.0,M2
1991-07-22,3347.1,M2
1991-07-29,3332.4,M2
1991-08-05,3357.9,M2
1991-08-12,3359.8,M2
1991-08-19,3352.5,M2
1991-08-26,3339.1,M2
1991-09-02,3343.9,M2
1991-09-09,3370.4,M2
1991-09-16,3360.9,M2
1991-09-23,3332.5,M2
1991-09-30,3325.4,M2
1991-10-07,3363.0,M2
1991-10-14,3363.3,M2
1991-10-21,3356.0,M2
1991-10-28,3337.8,M2
1991-11-04,3361.2,M2
1991-11-11,3375.1,M2
1991-11-18,3375.3,M2
1991-11-25,3359.5,M2
1991-12-02,3377.4,M2
1991-12-09,3393.6,M2
1991-12-16,3395.4,M2
1991-12-23,3380.5,M2
1991-12-30,3376.0,M2
1992-01-06,3398.6,M2
1992-01-13,3396.6,M2
1992-01-20,3383.5,M2
1992-01-27,3364.7,M2
1992-02-03,3375.6,M2
1992-02-10,3396.2,M2
1992-02-17,3393.7,M2
1992-02-24,3383.3,M2
1992-03-02,3390.7,M2
1992-03-09,3415.9,M2
1992-03-16,3413.7,M2
1992-03-23,3395.9,M2
1992-03-30,3393.0,M2
1992-04-06,3434.1,M2
1992-04-13,3443.2,M2
1992-04-20,3430.3,M2
1992-04-27,3385.9,M2
1992-05-04,3392.8,M2
1992-05-11,3397.9,M2
1992-05-18,3391.9,M2
1992-05-25,3370.3,M2
1992-06-01,3383.8,M2
1992-06-08,3409.0,M2
1992-06-15,3406.1,M2
1992-06-22,3376.7,M2
1992-06-29,3361.7,M2
1992-07-06,3407.1,M2
1992-07-13,3407.3,M2
1992-07-20,3392.1,M2
1992-07-27,3373.0,M2
1992-08-03,3389.7,M2
1992-08-10,3408.7,M2
1992-08-17,3403.7,M2
1992-08-24,3384.4,M2
1992-08-31,3386.3,M2
1992-09-07,3416.3,M2
1992-09-14,3419.6,M2
1992-09-21,3396.1,M2
1992-09-28,3376.3,M2
1992-10-05,3413.8,M2
1992-10-12,3428.2,M2
1992-10-19,3423.1,M2
1992-10-26,3403.5,M2
1992-11-02,3421.8,M2
1992-11-09,3444.5,M2
1992-11-16,3444.1,M2
1992-11-23,3417.5,M2
1992-11-30,3426.5,M2
1992-12-07,3450.6,M2
1992-12-14,3448.5,M2
1992-12-21,3435.4,M2
1992-12-28,3430.5,M2
1993-01-04,3455.2,M2
1993-01-11,3456.1,M2
1993-01-18,3431.0,M2
1993-01-25,3394.8,M2
1993-02-01,3385.9,M2
1993-02-08,3407.0,M2
1993-02-15,3405.7,M2
1993-02-22,3395.9,M2
1993-03-01,3396.7,M2
1993-03-08,3422.7,M2
1993-03-15,3418.1,M2
1993-03-22,3403.3,M2
1993-03-29,3396.3,M2
1993-04-05,3438.6,M2
1993-04-12,3456.1,M2
1993-04-19,3438.7,M2
1993-04-26,3399.0,M2
1993-05-03,3412.1,M2
1993-05-10,3434.4,M2
1993-05-17,3431.5,M2
1993-05-24,3408.1,M2
1993-05-31,3425.4,M2
1993-06-07,3462.1,M2
1993-06-14,3459.7,M2
1993-06-21,3432.0,M2
1993-06-28,3408.4,M2
1993-07-05,3450.7,M2
1993-07-12,3462.6,M2
1993-07-19,3444.4,M2
1993-07-26,3418.6,M2
1993-08-02,3434.2,M2
1993-08-09,3458.9,M2
1993-08-16,3453.2,M2
1993-08-23,3429.1,M2
1993-08-30,3419.7,M2
1993-09-06,3458.3,M2
1993-09-13,3467.2,M2
1993-09-20,3443.0,M2
1993-09-27,3412.4,M2
1993-10-04,3449.1,M2
1993-10-11,3466.5,M2
1993-10-18,3460.9,M2
1993-10-25,3430.5,M2
1993-11-01,3448.6,M2
1993-11-08,3479.2,M2
1993-11-15,3485.9,M2
1993-11-22,3466.3,M2
1993-11-29,3466.1,M2
1993-12-06,3498.5,M2
1993-12-13,3501.9,M2
1993-12-20,3492.4,M2
1993-12-27,3485.9,M2
1994-01-03,3502.8,M2
1994-01-10,3512.7,M2
1994-01-17,3496.9,M2
1994-01-24,3459.2,M2
1994-01-31,3437.4,M2
1994-02-07,3469.1,M2
1994-02-14,3467.3,M2
1994-02-21,3454.0,M2
1994-02-28,3448.3,M2
1994-03-07,3485.2,M2
1994-03-14,3487.7,M2
1994-03-21,3476.1,M2
1994-03-28,3458.9,M2
1994-04-04,3507.2,M2
1994-04-11,3529.6,M2
1994-04-18,3516.9,M2
1994-04-25,3474.9,M2
1994-05-02,3469.4,M2
1994-05-09,3489.7,M2
1994-05-16,3483.7,M2
1994-05-23,3462.4,M2
1994-05-30,3459.0,M2
1994-06-06,3497.1,M2
1994-06-13,3494.4,M2
1994-06-20,3473.5,M2
1994-06-27,3450.5,M2
1994-07-04,3489.0,M2
1994-07-11,3512.0,M2
1994-07-18,3496.2,M2
1994-07-25,3471.5,M2
1994-08-01,3479.9,M2
1994-08-08,3499.4,M2
1994-08-15,3493.4,M2
1994-08-22,3476.8,M2
1994-08-29,3458.0,M2
1994-09-05,3489.8,M2
1994-09-12,3499.4,M2
1994-09-19,3479.8,M2
1994-09-26,3448.5,M2
1994-10-03,3466.2,M2
1994-10-10,3494.3,M2
1994-10-17,3492.5,M2
1994-10-24,3462.9,M2
1994-10-31,3461.2,M2
1994-11-07,3493.7,M2
1994-11-14,3498.0,M2
1994-11-21,3491.4,M2
1994-11-28,3484.9,M2
1994-12-05,3510.1,M2
1994-12-12,3513.5,M2
1994-12-19,3505.5,M2
1994-12-26,3498.4,M2
1995-01-02,3508.3,M2
1995-01-09,3528.1,M2
1995-01-16,3513.7,M2
1995-01-23,3481.7,M2
1995-01-30,3455.3,M2
1995-02-06,3485.2,M2
1995-02-13,3480.4,M2
1995-02-20,3469.9,M2
1995-02-27,3463.2,M2
1995-03-06,3492.8,M2
1995-03-13,3499.4,M2
1995-03-20,3492.8,M2
1995-03-27,3479.8,M2
1995-04-03,3504.1,M2
1995-04-10,3543.8,M2
1995-04-17,3544.1,M2
1995-04-24,3508.9,M2
1995-05-01,3490.5,M2
1995-05-08,3510.3,M2
1995-05-15,3508.8,M2
1995-05-22,3503.0,M2
1995-05-29,3500.3,M2
1995-06-05,3549.4,M2
1995-06-12,3560.4,M2
1995-06-19,3547.7,M2
1995-06-26,3521.7,M2
1995-07-03,3553.5,M2
1995-07-10,3587.6,M2
1995-07-17,3574.1,M2
1995-07-24,3555.8,M2
1995-07-31,3560.1,M2
1995-08-07,3596.8,M2
1995-08-14,3593.0,M2
1995-08-21,3585.5,M2
1995-08-28,3568.2,M2
1995-09-04,3597.3,M2
1995-09-11,3617.9,M2
1995-09-18,3600.8,M2
1995-09-25,3569.6,M2
1995-10-02,3581.6,M2
1995-10-09,3618.6,M2
1995-10-16,3616.9,M2
1995-10-23,3591.6,M2
1995-10-30,3582.9,M2
1995-11-06,3623.9,M2
1995-11-13,3625.5,M2
1995-11-20,3623.9,M2
1995-11-27,3618.0,M2
1995-12-04,3638.8,M2
1995-12-11,3655.1,M2
1995-12-18,3650.0,M2
1995-12-25,3648.7,M2
1996-01-01,3661.5,M2
1996-01-08,3682.6,M2
1996-01-15,3680.0,M2
1996-01-22,3640.9,M2
1996-01-29,3608.3,M2
1996-02-05,3642.0,M2
1996-02-12,3647.3,M2
1996-02-19,3647.5,M2
1996-02-26,3642.4,M2
1996-03-04,3683.3,M2
1996-03-11,3694.1,M2
1996-03-18,3699.2,M2
1996-03-25,3679.7,M2
1996-04-01,3702.9,M2
1996-04-08,3748.3,M2
1996-04-15,3753.2,M2
1996-04-22,3716.7,M2
1996-04-29,3666.2,M2
1996-05-06,3698.7,M2
1996-05-13,3697.8,M2
1996-05-20,3688.9,M2
1996-05-27,3671.5,M2
1996-06-03,3711.6,M2
1996-06-10,3737.6,M2
1996-06-17,3734.9,M2
1996-06-24,3696.4,M2
1996-07-01,3715.4,M2
1996-07-08,3754.2,M2
1996-07-15,3742.4,M2
1996-07-22,3726.0,M2
1996-07-29,3712.4,M2
1996-08-05,3751.8,M2
1996-08-12,3751.8,M2
1996-08-19,3744.2,M2
1996-08-26,3723.5,M2
1996-09-02,3734.3,M2
1996-09-09,3776.3,M2
1996-09-16,3760.0,M2
1996-09-23,3720.2,M2
1996-09-30,3719.3,M2
1996-10-07,3765.4,M2
1996-10-14,3768.1,M2
1996-10-21,3761.1,M2
1996-10-28,3742.8,M2
1996-11-04,3780.9,M2
1996-11-11,3795.7,M2
1996-11-18,3800.8,M2
1996-11-25,3783.6,M2
1996-12-02,3816.3,M2
1996-12-09,3840.3,M2
1996-12-16,3839.2,M2
1996-12-23,3841.7,M2
1996-12-30,3836.3,M2
1997-01-06,3874.1,M2
1997-01-13,3861.2,M2
1997-01-20,3841.2,M2
1997-01-27,3804.4,M2
1997-02-03,3820.8,M2
1997-02-10,3842.8,M2
1997-02-17,3839.8,M2
1997-02-24,3823.1,M2
1997-03-03,3847.2,M2
1997-03-10,3879.7,M2
1997-03-17,3877.9,M2
1997-03-24,3858.1,M2
1997-03-31,3878.0,M2
1997-04-07,3930.6,M2
1997-04-14,3934.1,M2
1997-04-21,3920.0,M2
1997-04-28,3856.7,M2
1997-05-05,3870.0,M2
1997-05-12,3871.5,M2
1997-05-19,3866.3,M2
1997-05-26,3858.0,M2
1997-06-02,3884.0,M2
1997-06-09,3918.6,M2
1997-06-16,3912.5,M2
1997-06-23,3878.9,M2
1997-06-30,3886.0,M2
1997-07-07,3946.3,M2
1997-07-14,3928.6,M2
1997-07-21,3910.1,M2
1997-07-28,3893.1,M2
1997-08-04,3940.2,M2
1997-08-11,3954.9,M2
1997-08-18,3958.2,M2
1997-08-25,3939.5,M2
1997-09-01,3957.2,M2
1997-09-08,3988.1,M2
1997-09-15,3979.6,M2
1997-09-22,3944.9,M2
1997-09-29,3930.4,M2
1997-10-06,3986.7,M2
1997-10-13,3984.5,M2
1997-10-20,3984.1,M2
1997-10-27,3955.4,M2
1997-11-03,3991.4,M2
1997-11-10,4015.2,M2
1997-11-17,4018.0,M2
1997-11-24,4003.0,M2
1997-12-01,4032.4,M2
1997-12-08,4053.3,M2
1997-12-15,4051.2,M2
1997-12-22,4054.1,M2
1997-12-29,4055.4,M2
1998-01-05,4100.0,M2
1998-01-12,4082.5,M2
1998-01-19,4064.6,M2
1998-01-26,4028.7,M2
1998-02-02,4041.3,M2
1998-02-09,4078.1,M2
1998-02-16,4081.5,M2
1998-02-23,4077.1,M2
1998-03-02,4101.2,M2
1998-03-09,4141.9,M2
1998-03-16,4142.2,M2
1998-03-23,4119.2,M2
1998-03-30,4118.8,M2
1998-04-06,4194.6,M2
1998-04-13,4208.4,M2
1998-04-20,4197.5,M2
1998-04-27,4127.3,M2
1998-05-04,4139.5,M2
1998-05-11,4146.6,M2
1998-05-18,4143.6,M2
1998-05-25,4125.3,M2
1998-06-01,4156.3,M2
1998-06-08,4193.3,M2
1998-06-15,4192.9,M2
1998-06-22,4159.0,M2
1998-06-29,4145.3,M2
1998-07-06,4224.6,M2
1998-07-13,4202.6,M2
1998-07-20,4188.4,M2
1998-07-27,4165.8,M2
1998-08-03,4201.4,M2
1998-08-10,4232.6,M2
1998-08-17,4226.4,M2
1998-08-24,4206.3,M2
1998-08-31,4213.2,M2
1998-09-07,4274.9,M2
1998-09-14,4278.6,M2
1998-09-21,4252.3,M2
1998-09-28,4214.7,M2
1998-10-05,4279.4,M2
1998-10-12,4290.3,M2
1998-10-19,4300.1,M2
1998-10-26,4280.5,M2
1998-11-02,4307.0,M2
1998-11-09,4349.0,M2
1998-11-16,4355.8,M2
1998-11-23,4333.7,M2
1998-11-30,4348.8,M2
1998-12-07,4395.1,M2
1998-12-14,4397.5,M2
1998-12-21,4401.8,M2
1998-12-28,4398.1,M2
1999-01-04,4439.9,M2
1999-01-11,4433.1,M2
1999-01-18,4421.7,M2
1999-01-25,4374.4,M2
1999-02-01,4385.1,M2
1999-02-08,4420.5,M2
1999-02-15,4423.4,M2
1999-02-22,4414.8,M2
1999-03-01,4424.0,M2
1999-03-08,4464.8,M2
1999-03-15,4460.2,M2
1999-03-22,4448.6,M2
1999-03-29,4444.4,M2
1999-04-05,4520.8,M2
1999-04-12,4525.2,M2
1999-04-19,4530.1,M2
1999-04-26,4467.6,M2
1999-05-03,4450.0,M2
1999-05-10,4471.8,M2
1999-05-17,4466.0,M2
1999-05-24,4446.6,M2
1999-05-31,4468.3,M2
1999-06-07,4514.9,M2
1999-06-14,4512.4,M2
1999-06-21,4491.9,M2
1999-06-28,4464.2,M2
1999-07-05,4524.2,M2
1999-07-12,4538.1,M2
1999-07-19,4518.6,M2
1999-07-26,4499.4,M2
1999-08-02,4520.7,M2
1999-08-09,4556.7,M2
1999-08-16,4554.5,M2
1999-08-23,4528.6,M2
1999-08-30,4518.1,M2
1999-09-06,4573.9,M2
1999-09-13,4577.2,M2
1999-09-20,4559.4,M2
1999-09-27,4514.6,M2
1999-10-04,4568.0,M2
1999-10-11,4580.8,M2
1999-10-18,4585.6,M2
1999-10-25,4556.2,M2
1999-11-01,4578.0,M2
1999-11-08,4610.3,M2
1999-11-15,4618.0,M2
1999-11-22,4605.1,M2
1999-11-29,4607.6,M2
1999-12-06,4650.3,M2
1999-12-13,4656.8,M2
1999-12-20,4669.1,M2
1999-12-27,4669.4,M2
2000-01-03,4698.8,M2
2000-01-10,4700.6,M2
2000-01-17,4689.6,M2
2000-01-24,4653.4,M2
2000-01-31,4636.2,M2
2000-02-07,4686.1,M2
2000-02-14,4676.7,M2
2000-02-21,4670.0,M2
2000-02-28,4667.9,M2
2000-03-06,4724.1,M2
2000-03-13,4733.0,M2
2000-03-20,4745.8,M2
2000-03-27,4728.6,M2
2000-04-03,4785.0,M2
2000-04-10,4832.7,M2
2000-04-17,4844.5,M2
2000-04-24,4802.3,M2
2000-05-01,4739.7,M2
2000-05-08,4739.8,M2
2000-05-15,4741.3,M2
2000-05-22,4725.4,M2
2000-05-29,4721.6,M2
2000-06-05,4779.1,M2
2000-06-12,4778.5,M2
2000-06-19,4764.3,M2
2000-06-26,4723.3,M2
2000-07-03,4766.2,M2
2000-07-10,4798.4,M2
2000-07-17,4778.0,M2
2000-07-24,4756.8,M2
2000-07-31,4760.4,M2
2000-08-07,4816.2,M2
2000-08-14,4808.2,M2
2000-08-21,4809.6,M2
2000-08-28,4794.7,M2
2000-09-04,4841.2,M2
2000-09-11,4863.8,M2
2000-09-18,4853.9,M2
2000-09-25,4804.5,M2
2000-10-02,4835.3,M2
2000-10-09,4869.0,M2
2000-10-16,4875.0,M2
2000-10-23,4844.3,M2
2000-10-30,4831.0,M2
2000-11-06,4883.2,M2
2000-11-13,4882.8,M2
2000-11-20,4883.3,M2
2000-11-27,4886.4,M2
2000-12-04,4922.4,M2
2000-12-11,4935.1,M2
2000-12-18,4950.9,M2
2000-12-25,4958.7,M2
2001-01-01,4987.7,M2
2001-01-08,5011.2,M2
2001-01-15,5007.4,M2
2001-01-22,4979.4,M2
2001-01-29,4933.1,M2
2001-02-05,4993.6,M2
2001-02-12,5001.8,M2
2001-02-19,5010.9,M2
2001-02-26,5014.2,M2
2001-03-05,5082.3,M2
2001-03-12,5094.8,M2
2001-03-19,5099.9,M2
2001-03-26,5090.5,M2
2001-04-02,5143.3,M2
2001-04-09,5199.3,M2
2001-04-16,5226.9,M2
2001-04-23,5177.1,M2
2001-04-30,5105.5,M2
2001-05-07,5124.4,M2
2001-05-14,5119.3,M2
2001-05-21,5114.5,M2
2001-05-28,5095.0,M2
2001-06-04,5172.1,M2
2001-06-11,5177.8,M2
2001-06-18,5184.3,M2
2001-06-25,5130.1,M2
2001-07-02,5171.2,M2
2001-07-09,5214.0,M2
2001-07-16,5208.6,M2
2001-07-23,5177.9,M2
2001-07-30,5175.8,M2
2001-08-06,5239.2,M2
2001-08-13,5238.1,M2
2001-08-20,5234.3,M2
2001-08-27,5212.9,M2
2001-09-03,5256.3,M2
2001-09-10,5302.3,M2
2001-09-17,5464.0,M2
2001-09-24,5325.3,M2
2001-10-01,5308.1,M2
2001-10-08,5341.8,M2
2001-10-15,5343.7,M2
2001-10-22,5318.5,M2
2001-10-29,5303.1,M2
2001-11-05,5376.8,M2
2001-11-12,5383.4,M2
2001-11-19,5395.6,M2
2001-11-26,5390.1,M2
2001-12-03,5426.1,M2
2001-12-10,5463.0,M2
2001-12-17,5485.3,M2
2001-12-24,5463.1,M2
2001-12-31,5481.0,M2
2002-01-07,5506.2,M2
2002-01-14,5483.8,M2
2002-01-21,5451.1,M2
2002-01-28,5408.1,M2
2002-02-04,5461.1,M2
2002-02-11,5474.0,M2
2002-02-18,5481.8,M2
2002-02-25,5468.2,M2
2002-03-04,5518.4,M2
2002-03-11,5531.8,M2
2002-03-18,5533.6,M2
2002-03-25,5492.9,M2
2002-04-01,5541.1,M2
2002-04-08,5568.4,M2
2002-04-15,5584.0,M2
2002-04-22,5541.0,M2
2002-04-29,5469.5,M2
2002-05-06,5509.4,M2
2002-05-13,5511.3,M2
2002-05-20,5511.4,M2
2002-05-27,5491.3,M2
2002-06-03,5526.5,M2
2002-06-10,5554.3,M2
2002-06-17,5568.0,M2
2002-06-24,5515.6,M2
2002-07-01,5546.6,M2
2002-07-08,5596.3,M2
2002-07-15,5593.3,M2
2002-07-22,5573.4,M2
2002-07-29,5572.8,M2
2002-08-05,5638.3,M2
2002-08-12,5635.3,M2
2002-08-19,5633.0,M2
2002-08-26,5602.3,M2
2002-09-02,5634.3,M2
2002-09-09,5682.3,M2
2002-09-16,5682.8,M2
2002-09-23,5620.7,M2
2002-09-30,5624.7,M2
2002-10-07,5690.3,M2
2002-10-14,5702.7,M2
2002-10-21,5697.3,M2
2002-10-28,5674.5,M2
2002-11-04,5743.6,M2
2002-11-11,5758.0,M2
2002-11-18,5780.8,M2
2002-11-25,5736.4,M2
2002-12-02,5794.3,M2
2002-12-09,5805.2,M2
2002-12-16,5824.9,M2
2002-12-23,5808.6,M2
2002-12-30,5804.0,M2
2003-01-06,5845.4,M2
2003-01-13,5823.9,M2
2003-01-20,5808.3,M2
2003-01-27,5756.0,M2
2003-02-03,5783.7,M2
2003-02-10,5826.9,M2
2003-02-17,5858.1,M2
2003-02-24,5807.7,M2
2003-03-03,5853.0,M2
2003-03-10,5892.2,M2
2003-03-17,5909.4,M2
2003-03-24,5863.4,M2
2003-03-31,5891.1,M2
2003-04-07,5963.1,M2
2003-04-14,5972.4,M2
2003-04-21,5955.5,M2
2003-04-28,5897.3,M2
2003-05-05,5958.4,M2
2003-05-12,5951.9,M2
2003-05-19,5942.4,M2
2003-05-26,5915.5,M2
2003-06-02,5963.5,M2
2003-06-09,6001.2,M2
2003-06-16,6029.5,M2
2003-06-23,5972.7,M2
2003-06-30,5990.8,M2
2003-07-07,6082.2,M2
2003-07-14,6052.6,M2
2003-07-21,6026.0,M2
2003-07-28,6004.6,M2
2003-08-04,6101.4,M2
2003-08-11,6104.8,M2
2003-08-18,6139.5,M2
2003-08-25,6047.5,M2
2003-09-01,6078.9,M2
2003-09-08,6120.2,M2
2003-09-15,6111.7,M2
2003-09-22,6040.5,M2
2003-09-29,6008.2,M2
2003-10-06,6073.0,M2
2003-10-13,6073.4,M2
2003-10-20,6066.4,M2
2003-10-27,6019.3,M2
2003-11-03,6054.7,M2
2003-11-10,6087.7,M2
2003-11-17,6107.6,M2
2003-11-24,6052.0,M2
2003-12-01,6092.7,M2
2003-12-08,6108.2,M2
2003-12-15,6114.9,M2
2003-12-22,6105.1,M2
2003-12-29,6091.8,M2
2004-01-05,6125.1,M2
2004-01-12,6088.3,M2
2004-01-19,6069.1,M2
2004-01-26,6015.6,M2
2004-02-02,6043.8,M2
2004-02-09,6081.9,M2
2004-02-16,6110.5,M2
2004-02-23,6089.4,M2
2004-03-01,6120.1,M2
2004-03-08,6163.1,M2
2004-03-15,6182.7,M2
2004-03-22,6177.4,M2
2004-03-29,6175.1,M2
2004-04-05,6255.3,M2
2004-04-12,6273.6,M2
2004-04-19,6263.4,M2
2004-04-26,6199.2,M2
2004-05-03,6227.0,M2
2004-05-10,6258.8,M2
2004-05-17,6287.3,M2
2004-05-24,6229.6,M2
2004-05-31,6249.9,M2
2004-06-07,6303.2,M2
2004-06-14,6310.5,M2
2004-06-21,6273.4,M2
2004-06-28,6237.7,M2
2004-07-05,6309.8,M2
2004-07-12,6309.9,M2
2004-07-19,6283.0,M2
2004-07-26,6247.5,M2
2004-08-02,6284.5,M2
2004-08-09,6320.9,M2
2004-08-16,6334.2,M2
2004-08-23,6295.6,M2
2004-08-30,6275.7,M2
2004-09-06,6357.6,M2
2004-09-13,6368.3,M2
2004-09-20,6351.1,M2
2004-09-27,6300.0,M2
2004-10-04,6353.7,M2
2004-10-11,6366.1,M2
2004-10-18,6380.7,M2
2004-10-25,6332.3,M2
2004-11-01,6362.5,M2
2004-11-08,6409.2,M2
2004-11-15,6429.6,M2
2004-11-22,6403.4,M2
2004-11-29,6404.3,M2
2004-12-06,6446.0,M2
2004-12-13,6450.8,M2
2004-12-20,6465.2,M2
2004-12-27,6457.6,M2
2005-01-03,6449.5,M2
2005-01-10,6445.0,M2
2005-01-17,6444.0,M2
2005-01-24,6379.1,M2
2005-01-31,6351.1,M2
2005-02-07,6414.8,M2
2005-02-14,6409.3,M2
2005-02-21,6410.2,M2
2005-02-28,6413.5,M2
2005-03-07,6467.0,M2
2005-03-14,6474.1,M2
2005-03-21,6471.5,M2
2005-03-28,6470.1,M2
2005-04-04,6528.5,M2
2005-04-11,6544.3,M2
2005-04-18,6558.3,M2
2005-04-25,6467.8,M2
2005-05-02,6448.7,M2
2005-05-09,6478.8,M2
2005-05-16,6482.9,M2
2005-05-23,6445.6,M2
2005-05-30,6444.7,M2
2005-06-06,6528.3,M2
2005-06-13,6532.2,M2
2005-06-20,6531.8,M2
2005-06-27,6487.1,M2
2005-07-04,6547.6,M2
2005-07-11,6549.1,M2
2005-07-18,6540.8,M2
2005-07-25,6503.3,M2
2005-08-01,6534.7,M2
2005-08-08,6578.1,M2
2005-08-15,6577.9,M2
2005-08-22,6557.7,M2
2005-08-29,6527.2,M2
2005-09-05,6607.3,M2
2005-09-12,6615.4,M2
2005-09-19,6607.7,M2
2005-09-26,6550.2,M2
2005-10-03,6598.1,M2
2005-10-10,6626.3,M2
2005-10-17,6653.9,M2
2005-10-24,6600.0,M2
2005-10-31,6593.2,M2
2005-11-07,6661.2,M2
2005-11-14,6670.5,M2
2005-11-21,6668.1,M2
2005-11-28,6648.1,M2
2005-12-05,6696.6,M2
2005-12-12,6702.9,M2
2005-12-19,6718.2,M2
2005-12-26,6716.4,M2
2006-01-02,6737.3,M2
2006-01-09,6755.8,M2
2006-01-16,6746.0,M2
2006-01-23,6695.6,M2
2006-01-30,6645.5,M2
2006-02-06,6711.7,M2
2006-02-13,6715.1,M2
2006-02-20,6740.0,M2
2006-02-27,6741.7,M2
2006-03-06,6808.9,M2
2006-03-13,6799.7,M2
2006-03-20,6809.0,M2
2006-03-27,6787.3,M2
2006-04-03,6847.0,M2
2006-04-10,6888.6,M2
2006-04-17,6927.9,M2
2006-04-24,6844.2,M2
2006-05-01,6790.9,M2
2006-05-08,6804.1,M2
2006-05-15,6821.7,M2
2006-05-22,6800.1,M2
2006-05-29,6787.2,M2
2006-06-05,6863.6,M2
2006-06-12,6868.8,M2
2006-06-19,6873.3,M2
2006-06-26,6829.8,M2
2006-07-03,6880.0,M2
2006-07-10,6915.2,M2
2006-07-17,6898.6,M2
2006-07-24,6850.3,M2
2006-07-31,6840.3,M2
2006-08-07,6912.5,M2
2006-08-14,6906.6,M2
2006-08-21,6909.0,M2
2006-08-28,6876.4,M2
2006-09-04,6939.8,M2
2006-09-11,6950.1,M2
2006-09-18,6941.0,M2
2006-09-25,6882.7,M2
2006-10-02,6924.7,M2
2006-10-09,6981.0,M2
2006-10-16,7000.4,M2
2006-10-23,6957.5,M2
2006-10-30,6941.3,M2
2006-11-06,7023.3,M2
2006-11-13,7028.4,M2
2006-11-20,7040.2,M2
2006-11-27,7041.6,M2
2006-12-04,7074.6,M2
2006-12-11,7083.8,M2
2006-12-18,7101.7,M2
2006-12-25,7119.7,M2
2007-01-01,7136.5,M2
2007-01-08,7154.1,M2
2007-01-15,7146.8,M2
2007-01-22,7092.7,M2
2007-01-29,7039.0,M2
2007-02-05,7105.9,M2
2007-02-12,7107.3,M2
2007-02-19,7121.8,M2
2007-02-26,7124.7,M2
2007-03-05,7175.0,M2
2007-03-12,7197.4,M2
2007-03-19,7220.3,M2
2007-03-26,7220.1,M2
2007-04-02,7278.6,M2
2007-04-09,7344.6,M2
2007-04-16,7355.5,M2
2007-04-23,7301.9,M2
2007-04-30,7216.5,M2
2007-05-07,7261.1,M2
2007-05-14,7261.5,M2
2007-05-21,7250.2,M2
2007-05-28,7227.5,M2
2007-06-04,7296.0,M2
2007-06-11,7304.7,M2
2007-06-18,7315.1,M2
2007-06-25,7253.1,M2
2007-07-02,7300.8,M2
2007-07-09,7328.6,M2
2007-07-16,7313.8,M2
2007-07-23,7271.0,M2
2007-07-30,7261.1,M2
2007-08-06,7340.8,M2
2007-08-13,7343.4,M2
2007-08-20,7367.9,M2
2007-08-27,7367.2,M2
2007-09-03,7390.6,M2
2007-09-10,7403.3,M2
2007-09-17,7404.8,M2
2007-09-24,7331.6,M2
2007-10-01,7356.8,M2
2007-10-08,7407.3,M2
2007-10-15,7406.7,M2
2007-10-22,7368.8,M2
2007-10-29,7371.1,M2
2007-11-05,7429.5,M2
2007-11-12,7431.0,M2
2007-11-19,7459.6,M2
2007-11-26,7456.5,M2
2007-12-03,7481.3,M2
2007-12-10,7506.1,M2
2007-12-17,7518.0,M2
2007-12-24,7514.1,M2
2007-12-31,7526.6,M2
2008-01-07,7552.1,M2
2008-01-14,7517.9,M2
2008-01-21,7508.4,M2
2008-01-28,7483.7,M2
2008-02-04,7562.1,M2
2008-02-11,7579.0,M2
2008-02-18,7595.5,M2
2008-02-25,7604.6,M2
2008-03-03,7665.0,M2
2008-03-10,7708.0,M2
2008-03-17,7748.6,M2
2008-03-24,7738.3,M2
2008-03-31,7747.4,M2
2008-04-07,7825.9,M2
2008-04-14,7829.5,M2
2008-04-21,7817.7,M2
2008-04-28,7684.6,M2
2008-05-05,7713.5,M2
2008-05-12,7722.7,M2
2008-05-19,7726.7,M2
2008-05-26,7708.0,M2
2008-06-02,7743.4,M2
2008-06-09,7770.8,M2
2008-06-16,7777.0,M2
2008-06-23,7718.2,M2
2008-06-30,7713.5,M2
2008-07-07,7796.1,M2
2008-07-14,7777.0,M2
2008-07-21,7762.0,M2
2008-07-28,7722.1,M2
2008-08-04,7775.5,M2
2008-08-11,7775.9,M2
2008-08-18,7765.4,M2
2008-08-25,7725.3,M2
2008-09-01,7738.4,M2
2008-09-08,7769.2,M2
2008-09-15,7787.3,M2
2008-09-22,7886.4,M2
2008-09-29,7871.1,M2
2008-10-06,7901.4,M2
2008-10-13,7947.4,M2
2008-10-20,7980.5,M2
2008-10-27,7902.6,M2
2008-11-03,7949.4,M2
2008-11-10,7987.3,M2
2008-11-17,8025.6,M2
2008-11-24,8015.9,M2
2008-12-01,8102.7,M2
2008-12-08,8187.6,M2
2008-12-15,8238.4,M2
2008-12-22,8261.9,M2
2008-12-29,8277.7,M2
2009-01-05,8346.0,M2
2009-01-12,8309.3,M2
2009-01-19,8298.4,M2
2009-01-26,8249.9,M2
2009-02-02,8268.2,M2
2009-02-09,8307.3,M2
2009-02-16,8329.3,M2
2009-02-23,8309.1,M2
2009-03-02,8374.4,M2
2009-03-09,8458.0,M2
2009-03-16,8507.7,M2
2009-03-23,8456.8,M2
2009-03-30,8427.7,M2
2009-04-06,8493.8,M2
2009-04-13,8514.2,M2
2009-04-20,8486.2,M2
2009-04-27,8379.0,M2
2009-05-04,8430.3,M2
2009-05-11,8449.3,M2
2009-05-18,8459.1,M2
2009-05-25,8424.6,M2
2009-06-01,8452.4,M2
2009-06-08,8511.1,M2
2009-06-15,8507.2,M2
2009-06-22,8435.6,M2
2009-06-29,8386.6,M2
2009-07-06,8473.3,M2
2009-07-13,8443.7,M2
2009-07-20,8418.4,M2
2009-07-27,8384.6,M2
2009-08-03,8416.1,M2
2009-08-10,8435.2,M2
2009-08-17,8437.6,M2
2009-08-24,8358.8,M2
2009-08-31,8370.0,M2
2009-09-07,8441.3,M2
2009-09-14,8454.9,M2
2009-09-21,8402.4,M2
2009-09-28,8361.5,M2
2009-10-05,8433.7,M2
2009-10-12,8448.4,M2
2009-10-19,8466.9,M2
2009-10-26,8408.8,M2
2009-11-02,8454.2,M2
2009-11-09,8513.3,M2
2009-11-16,8540.5,M2
2009-11-23,8499.6,M2
2009-11-30,8523.4,M2
2009-12-07,8576.2,M2
2009-12-14,8574.5,M2
2009-12-21,8557.6,M2
2009-12-28,8544.3,M2
2010-01-04,8552.1,M2
2010-01-11,8513.5,M2
2010-01-18,8497.2,M2
2010-01-25,8432.4,M2
2010-02-01,8450.6,M2
2010-02-08,8502.5,M2
2010-02-15,8551.1,M2
2010-02-22,8528.3,M2
2010-03-01,8547.6,M2
2010-03-08,8601.5,M2
2010-03-15,8619.4,M2
2010-03-22,8583.7,M2
2010-03-29,8576.6,M2
2010-04-05,8677.5,M2
2010-04-12,8661.1,M2
2010-04-19,8641.5,M2
2010-04-26,8546.2,M2
2010-05-03,8572.7,M2
2010-05-10,8600.2,M2
2010-05-17,8636.7,M2
2010-05-24,8566.4,M2
2010-05-31,8608.6,M2
2010-06-07,8670.2,M2
2010-06-14,8647.9,M2
2010-06-21,8618.1,M2
2010-06-28,8576.1,M2
2010-07-05,8625.2,M2
2010-07-12,8620.2,M2
2010-07-19,8595.1,M2
2010-07-26,8555.1,M2
2010-08-02,8604.3,M2
2010-08-09,8644.9,M2
2010-08-16,8650.6,M2
2010-08-23,8598.9,M2
2010-08-30,8604.8,M2
2010-09-06,8688.7,M2
2010-09-13,8701.6,M2
2010-09-20,8664.9,M2
2010-09-27,8622.3,M2
2010-10-04,8711.6,M2
2010-10-11,8734.5,M2
2010-10-18,8758.0,M2
2010-10-25,8687.4,M2
2010-11-01,8724.5,M2
2010-11-08,8787.7,M2
2010-11-15,8807.5,M2
2010-11-22,8783.1,M2
2010-11-29,8804.3,M2
2010-12-06,8848.9,M2
2010-12-13,8869.3,M2
2010-12-20,8879.5,M2
2010-12-27,8896.1,M2
2011-01-03,8910.6,M2
2011-01-10,8909.7,M2
2011-01-17,8932.8,M2
2011-01-24,8812.7,M2
2011-01-31,8812.2,M2
2011-02-07,8889.7,M2
2011-02-14,8907.8,M2
2011-02-21,8908.8,M2
2011-02-28,8931.7,M2
2011-03-07,9020.0,M2
2011-03-14,9033.5,M2
2011-03-21,9029.0,M2
2011-03-28,9008.6,M2
2011-04-04,9093.8,M2
2011-04-11,9102.3,M2
2011-04-18,9119.9,M2
2011-04-25,9042.8,M2
2011-05-02,9024.3,M2
2011-05-09,9054.4,M2
2011-05-16,9077.2,M2
2011-05-23,9025.5,M2
2011-05-30,9044.0,M2
2011-06-06,9120.4,M2
2011-06-13,9121.5,M2
2011-06-20,9131.2,M2
2011-06-27,9141.6,M2
2011-07-04,9274.2,M2
2011-07-11,9267.8,M2
2011-07-18,9267.4,M2
2011-07-25,9231.7,M2
2011-08-01,9408.9,M2
2011-08-08,9477.5,M2
2011-08-15,9498.6,M2
2011-08-22,9476.3,M2
2011-08-29,9454.3,M2
2011-09-05,9538.6,M2
2011-09-12,9540.5,M2
2011-09-19,9515.2,M2
2011-09-26,9465.0,M2
2011-10-03,9554.8,M2
2011-10-10,9575.3,M2
2011-10-17,9613.0,M2
2011-10-24,9514.3,M2
2011-10-31,9544.9,M2
2011-11-07,9653.6,M2
2011-11-14,9674.5,M2
2011-11-21,9638.0,M2
2011-11-28,9633.9,M2
2011-12-05,9703.4,M2
2011-12-12,9735.1,M2
2011-12-19,9737.5,M2
2011-12-26,9731.5,M2
2012-01-02,9843.3,M2
2012-01-09,9840.7,M2
2012-01-16,9823.5,M2
2012-01-23,9728.6,M2
2012-01-30,9695.3,M2
2012-02-06,9782.8,M2
2012-02-13,9808.5,M2
2012-02-20,9807.8,M2
2012-02-27,9793.3,M2
2012-03-05,9903.8,M2
2012-03-12,9925.1,M2
2012-03-19,9920.2,M2
2012-03-26,9882.3,M2
2012-04-02,9974.9,M2
2012-04-09,10040.1,M2
2012-04-16,10042.1,M2
2012-04-23,9903.4,M2
2012-04-30,9852.4,M2
2012-05-07,9921.3,M2
2012-05-14,9918.9,M2
2012-05-21,9891.2,M2
2012-05-28,9859.2,M2
2012-06-04,9953.3,M2
2012-06-11,10001.0,M2
2012-06-18,9999.9,M2
2012-06-25,9903.1,M2
2012-07-02,10003.6,M2
2012-07-09,10055.8,M2
2012-07-16,10049.4,M2
2012-07-23,9971.8,M2
2012-07-30,9988.4,M2
2012-08-06,10082.7,M2
2012-08-13,10103.1,M2
2012-08-20,10078.5,M2
2012-08-27,10048.6,M2
2012-09-03,10147.6,M2
2012-09-10,10194.2,M2
2012-09-17,10214.5,M2
2012-09-24,10111.1,M2
2012-10-01,10211.5,M2
2012-10-08,10257.1,M2
2012-10-15,10289.3,M2
2012-10-22,10225.2,M2
2012-10-29,10235.5,M2
2012-11-05,10386.8,M2
2012-11-12,10355.4,M2
2012-11-19,10353.0,M2
2012-11-26,10325.7,M2
2012-12-03,10425.6,M2
2012-12-10,10476.9,M2
2012-12-17,10541.8,M2
2012-12-24,10564.0,M2
2012-12-31,10630.8,M2
2013-01-07,10645.0,M2
2013-01-14,10577.4,M2
2013-01-21,10490.5,M2
2013-01-28,10413.2,M2
2013-02-04,10480.5,M2
2013-02-11,10503.3,M2
2013-02-18,10496.4,M2
2013-02-25,10463.2,M2
2013-03-04,10586.6,M2
2013-03-11,10614.4,M2
2013-03-18,10642.5,M2
2013-03-25,10596.4,M2
2013-04-01,10734.7,M2
2013-04-08,10733.3,M2
2013-04-15,10754.4,M2
2013-04-22,10643.3,M2
2013-04-29,10545.8,M2
2013-05-06,10607.2,M2
2013-05-13,10611.6,M2
2013-05-20,10584.9,M2
2013-05-27,10552.3,M2
2013-06-03,10647.3,M2
2013-06-10,10681.2,M2
2013-06-17,10687.4,M2
2013-06-24,10573.3,M2
2013-07-01,10683.9,M2
2013-07-08,10719.2,M2
2013-07-15,10715.2,M2
2013-07-22,10673.2,M2
2013-07-29,10660.6,M2
2013-08-05,10762.9,M2
2013-08-12,10761.8,M2
2013-08-19,10740.2,M2
2013-08-26,10710.5,M2
2013-09-02,10788.4,M2
2013-09-09,10828.1,M2
2013-09-16,10834.4,M2
2013-09-23,10770.4,M2
2013-09-30,10840.3,M2
2013-10-07,10915.0,M2
2013-10-14,10968.6,M2
2013-10-21,10988.4,M2
2013-10-28,10909.5,M2
2013-11-04,10990.5,M2
2013-11-11,10973.6,M2
2013-11-18,10996.2,M2
2013-11-25,10954.6,M2
2013-12-02,11043.1,M2
2013-12-09,11086.6,M2
2013-12-16,11111.3,M2
2013-12-23,11129.5,M2
2013-12-30,11140.6,M2
2014-01-06,11191.2,M2
2014-01-13,11143.2,M2
2014-01-20,11113.2,M2
2014-01-27,11044.8,M2
2014-02-03,11102.0,M2
2014-02-10,11150.6,M2
2014-02-17,11199.4,M2
2014-02-24,11148.1,M2
2014-03-03,11218.7,M2
2014-03-10,11272.4,M2
2014-03-17,11311.0,M2
2014-03-24,11268.6,M2
2014-03-31,11315.4,M2
2014-04-07,11392.2,M2
2014-04-14,11416.4,M2
2014-04-21,11355.4,M2
2014-04-28,11231.2,M2
2014-05-05,11285.3,M2
2014-05-12,11286.0,M2
2014-05-19,11278.4,M2
2014-05-26,11251.3,M2
2014-06-02,11345.1,M2
2014-06-09,11363.4,M2
2014-06-16,11380.3,M2
2014-06-23,11290.0,M2
2014-06-30,11343.1,M2
2014-07-07,11426.4,M2
2014-07-14,11423.3,M2
2014-07-21,11393.9,M2
2014-07-28,11364.3,M2
2014-08-04,11461.6,M2
2014-08-11,11431.4,M2
2014-08-18,11442.5,M2
2014-08-25,11383.5,M2
2014-09-01,11442.4,M2
2014-09-08,11495.9,M2
2014-09-15,11516.0,M2
2014-09-22,11436.8,M2
2014-09-29,11451.4,M2
2014-10-06,11556.2,M2
2014-10-13,11556.7,M2
2014-10-20,11570.3,M2
2014-10-27,11525.4,M2
2014-11-03,11574.6,M2
2014-11-10,11621.4,M2
2014-11-17,11643.2,M2
2014-11-24,11580.5,M2
2014-12-01,11668.9,M2
2014-12-08,11725.5,M2
2014-12-15,11765.8,M2
2014-12-22,11784.7,M2
2014-12-29,11799.9,M2
2015-01-05,11830.1,M2
2015-01-12,11807.0,M2
2015-01-19,11762.9,M2
2015-01-26,11687.2,M2
2015-02-02,11788.6,M2
2015-02-09,11822.0,M2
2015-02-16,11864.8,M2
2015-02-23,11850.4,M2
2015-03-02,11927.6,M2
2015-03-09,11956.1,M2
2015-03-16,11988.2,M2
2015-03-23,11933.3,M2
2015-03-30,11970.5,M2
2015-04-06,12122.2,M2
2015-04-13,12100.8,M2
2015-04-20,12043.8,M2
2015-04-27,11862.5,M2
2015-05-04,11907.6,M2
2015-05-11,11914.4,M2
2015-05-18,11928.6,M2
2015-05-25,11882.7,M2
2015-06-01,11941.8,M2
2015-06-08,11980.2,M2
2015-06-15,11996.0,M2
2015-06-22,11940.3,M2
2015-06-29,11958.2,M2
2015-07-06,12091.4,M2
2015-07-13,12045.8,M2
2015-07-20,12010.7,M2
2015-07-27,11960.7,M2
2015-08-03,12045.2,M2
2015-08-10,12073.7,M2
2015-08-17,12107.6,M2
2015-08-24,12051.8,M2
2015-08-31,12087.0,M2
2015-09-07,12170.8,M2
2015-09-14,12196.8,M2
2015-09-21,12142.7,M2
2015-09-28,12084.0,M2
2015-10-05,12180.8,M2
2015-10-12,12170.7,M2
2015-10-19,12177.6,M2
2015-10-26,12143.2,M2
2015-11-02,12260.4,M2
2015-11-09,12303.0,M2
2015-11-16,12334.7,M2
2015-11-23,12281.7,M2
2015-11-30,12316.0,M2
2015-12-07,12380.4,M2
2015-12-14,12417.7,M2
2015-12-21,12472.4,M2
2015-12-28,12464.1,M2
2016-01-04,12496.9,M2
2016-01-11,12552.2,M2
2016-01-18,12508.6,M2
2016-01-25,12423.3,M2
2016-02-01,12466.0,M2
2016-02-08,12478.4,M2
2016-02-15,12545.5,M2
2016-02-22,12532.0,M2
2016-02-29,12559.9,M2
2016-03-07,12658.1,M2
2016-03-14,12681.9,M2
2016-03-21,12684.6,M2
2016-03-28,12735.0,M2
2016-04-04,12825.3,M2
2016-04-11,12839.9,M2
2016-04-18,12850.9,M2
2016-04-25,12693.8,M2
2016-05-02,12710.3,M2
2016-05-09,12731.5,M2
2016-05-16,12748.3,M2
2016-05-23,12701.8,M2
2016-05-30,12689.6,M2
2016-06-06,12802.7,M2
2016-06-13,12842.2,M2
2016-06-20,12809.7,M2
2016-06-27,12738.8,M2
2016-07-04,12869.3,M2
2016-07-11,12867.5,M2
2016-07-18,12871.3,M2
2016-07-25,12805.9,M2
2016-08-01,12898.6,M2
2016-08-08,12971.7,M2
2016-08-15,12976.7,M2
2016-08-22,12947.4,M2
2016-08-29,12928.7,M2
2016-09-05,13038.0,M2
2016-09-12,13078.8,M2
2016-09-19,13034.4,M2
2016-09-26,12939.2,M2
2016-10-03,13050.0,M2
2016-10-10,13099.4,M2
2016-10-17,13118.6,M2
2016-10-24,13028.1,M2
2016-10-31,13078.8,M2
2016-11-07,13161.3,M2
2016-11-14,13206.8,M2
2016-11-21,13218.1,M2
2016-11-28,13187.7,M2
2016-12-05,13262.4,M2
2016-12-12,13284.0,M2
2016-12-19,13304.6,M2
2016-12-26,13298.9,M2
2017-01-02,13348.9,M2
2017-01-09,13372.1,M2
2017-01-16,13336.9,M2
2017-01-23,13237.3,M2
2017-01-30,13183.7,M2
2017-02-06,13280.7,M2
2017-02-13,13300.9,M2
2017-02-20,13303.7,M2
2017-02-27,13325.8,M2
2017-03-06,13451.3,M2
2017-03-13,13505.5,M2
2017-03-20,13504.8,M2
2017-03-27,13473.6,M2
2017-04-03,13585.2,M2
2017-04-10,13635.9,M2
2017-04-17,13676.9,M2
2017-04-24,13472.2,M2
2017-05-01,13453.1,M2
2017-05-08,13475.8,M2
2017-05-15,13494.4,M2
2017-05-22,13471.3,M2
2017-05-29,13457.3,M2
2017-06-05,13559.0,M2
2017-06-12,13552.7,M2
2017-06-19,13532.5,M2
2017-06-26,13454.3,M2
2017-07-03,13567.0,M2
2017-07-10,13622.5,M2
2017-07-17,13612.6,M2
2017-07-24,13528.2,M2
2017-07-31,13585.7,M2
2017-08-07,13675.4,M2
2017-08-14,13666.8,M2
2017-08-21,13662.5,M2
2017-08-28,13631.6,M2
2017-09-04,13722.4,M2
2017-09-11,13751.3,M2
2017-09-18,13727.9,M2
2017-09-25,13620.1,M2
2017-10-02,13744.8,M2
2017-10-09,13784.8,M2
2017-10-16,13795.9,M2
2017-10-23,13711.5,M2
2017-10-30,13718.2,M2
2017-11-06,13829.0,M2
2017-11-13,13832.6,M2
2017-11-20,13828.4,M2
2017-11-27,13810.8,M2
2017-12-04,13885.4,M2
2017-12-11,13942.5,M2
2017-12-18,13973.4,M2
2017-12-25,13941.9,M2
2018-01-01,13970.0,M2
2018-01-08,13976.6,M2
2018-01-15,13927.9,M2
2018-01-22,13831.0,M2
2018-01-29,13752.9,M2
2018-02-05,13847.0,M2
2018-02-12,13843.0,M2
2018-02-19,13849.9,M2
2018-02-26,13849.2,M2
2018-03-05,14001.5,M2
2018-03-12,14023.6,M2
2018-03-19,14027.6,M2
2018-03-26,14002.9,M2
2018-04-02,14160.0,M2
2018-04-09,14157.2,M2
2018-04-16,14178.5,M2
2018-04-23,14017.0,M2
2018-04-30,13924.3,M2
2018-05-07,13984.1,M2
2018-05-14,14001.0,M2
2018-05-21,13985.5,M2
2018-05-28,13968.9,M2
2018-06-04,14090.5,M2
2018-06-11,14101.0,M2
2018-06-18,14118.5,M2
2018-06-25,13997.9,M2
2018-07-02,14123.2,M2
2018-07-09,14160.6,M2
2018-07-16,14151.7,M2
2018-07-23,14069.9,M2
2018-07-30,14081.8,M2
2018-08-06,14181.2,M2
2018-08-13,14189.9,M2
2018-08-20,14179.4,M2
2018-08-27,14143.4,M2
2018-09-03,14235.2,M2
2018-09-10,14240.2,M2
2018-09-17,14246.5,M2
2018-09-24,14126.5,M2
2018-10-01,14215.5,M2
2018-10-08,14226.5,M2
2018-10-15,14256.4,M2
2018-10-22,14202.3,M2
2018-10-29,14165.6,M2
2018-11-05,14256.1,M2
2018-11-12,14246.2,M2
2018-11-19,14285.0,M2
2018-11-26,14235.4,M2
2018-12-03,14363.6,M2
2018-12-10,14407.4,M2
2018-12-17,14429.7,M2
2018-12-24,14497.4,M2
2018-12-31,14544.7,M2
2019-01-07,14549.1,M2
2019-01-14,14501.8,M2
2019-01-21,14410.4,M2
2019-01-28,14340.5,M2
2019-02-04,14405.2,M2
2019-02-11,14409.9,M2
2019-02-18,14410.2,M2
2019-02-25,14390.6,M2
2019-03-04,14536.2,M2
2019-03-11,14579.0,M2
2019-03-18,14589.2,M2
2019-03-25,14550.3,M2
2019-04-01,14670.3,M2
2019-04-08,14718.1,M2
2019-04-15,14740.3,M2
2019-04-22,14606.6,M2
2019-04-29,14492.3,M2
2019-05-06,14569.8,M2
2019-05-13,14567.9,M2
2019-05-20,14593.3,M2
2019-05-27,14582.6,M2
2019-06-03,14714.4,M2
2019-06-10,14755.9,M2
2019-06-17,14796.6,M2
2019-06-24,14676.2,M2
2019-07-01,14795.4,M2
2019-07-08,14871.6,M2
2019-07-15,14827.8,M2
2019-07-22,14795.5,M2
2019-07-29,14807.7,M2
2019-08-05,14941.8,M2
2019-08-12,14924.9,M2
2019-08-19,14911.9,M2
2019-08-26,14850.0,M2
2019-09-02,14964.8,M2
2019-09-09,15016.0,M2
2019-09-16,15021.7,M2
2019-09-23,14952.9,M2
2019-09-30,15032.8,M2
2019-10-07,15133.5,M2
2019-10-14,15145.4,M2
2019-10-21,15136.5,M2
2019-10-28,15097.6,M2
2019-11-04,15239.6,M2
2019-11-11,15242.9,M2
2019-11-18,15302.1,M2
2019-11-25,15252.2,M2
2019-12-02,15347.4,M2
2019-12-09,15357.6,M2
2019-12-16,15448.8,M2
2019-12-23,15461.6,M2
2019-12-30,15473.1,M2
2020-01-06,15505.5,M2
2020-01-13,15474.3,M2
2020-01-20,15428.1,M2
2020-01-27,15315.7,M2
2020-02-03,15380.0,M2
2020-02-10,15383.5,M2
2020-02-17,15415.2,M2
2020-02-24,15350.4,M2
2020-03-02,15510.5,M2
2020-03-09,15646.2,M2
2020-03-16,15839.8,M2
2020-03-23,16210.2,M2
2020-03-30,16629.2,M2
2020-04-06,16787.7,M2
2020-04-13,16934.3,M2
2020-04-20,17195.5,M2
2020-04-27,17334.5,M2
2020-05-04,17552.5,M2
2020-05-11,17690.3,M2
2020-05-18,17822.9,M2
2020-05-25,17797.8,M2
2020-06-01,17928.9,M2
2020-06-08,18040.9,M2
2020-06-15,18129.2,M2
2020-06-22,18119.7,M2
2020-06-29,18174.2,M2
2020-07-06,18357.3,M2
2020-07-13,18360.2,M2
2020-07-20,18257.8,M2
2020-07-27,18125.7,M2
2020-08-03,18237.4,M2
2020-08-10,18304.0,M2
2020-08-17,18373.4,M2
2020-08-24,18273.8,M2
2020-08-31,18392.9,M2
2020-09-07,18528.3,M2
2020-09-14,18612.0,M2
2020-09-21,18564.3,M2
2020-09-28,18501.7,M2
2020-10-05,18645.4,M2
2020-10-12,18657.7,M2
2020-10-19,18713.2,M2
2020-10-26,18650.9,M2
2020-11-02,18838.4,M2
2020-11-09,18918.0,M2
2020-11-16,19000.8,M2
2020-11-23,18975.5,M2
2020-11-30,19055.3,M2
2020-12-07,19161.0,M2
2020-12-14,19210.1,M2
2020-12-21,19263.3,M2
2020-12-28,19294.3,M2
2021-01-04,19365.0,M2
2021-01-11,19426.0,M2
2021-01-18,19396.6,M2
2021-01-25,19277.8,M2
2021-02-01,19382.4,M2
2021-02-08,19416.2,M2
2021-02-15,19523.7,M2
2021-02-22,19533.9,M2
2021-03-01,19620.7,M2
2021-03-08,19712.8,M2
2021-03-15,19849.9,M2
2021-03-22,20027.0,M2
2021-03-29,20100.9,M2
2021-04-05,20305.7,M2
2021-04-12,20297.8,M2
2021-04-19,20290.6,M2
2021-04-26,20137.0,M2
2021-05-03,20260.4,M2
2021-05-10,20339.5,M2
2021-05-17,20389.2,M2
2021-05-24,20219.2,M2
2021-05-31,20266.4,M2
2021-06-07,20409.7,M2
2021-06-14,20495.0,M2
2021-06-21,20397.4,M2
2021-06-28,20336.6,M2
2021-07-05,20555.9,M2
2021-07-12,20548.9,M2
2021-07-19,20578.2,M2
2021-07-26,20530.1,M2
2021-08-02,20656.6,M2
2021-08-09,20714.8,M2
2021-08-16,20785.6,M2
2021-08-23,20760.2,M2
2021-08-30,20791.9,M2
2021-09-06,20933.6,M2
2021-09-13,20978.3,M2
2021-09-20,20933.2,M2
2021-09-27,20843.5,M2
2021-10-04,21049.0,M2
2021-10-11,21073.8,M2
2021-10-18,21149.4,M2
2021-10-25,21037.2,M2
2021-11-01,21180.5,M2
2021-11-08,21262.2,M2
2021-11-15,21327.4,M2
2021-11-22,21356.2,M2
2021-11-29,21384.2,M2
2021-12-06,21527.3,M2
2021-12-13,21582.3,M2
2021-12-20,21707.4,M2
2021-12-27,21751.7,M2
2022-01-03,21727.9,M2
2022-01-10,21744.5,M2
2022-01-17,21718.0,M2
2022-01-24,21533.6,M2
2022-01-31,21522.9,M2
2022-02-07,21560.4,M2
2022-02-14,21571.2,M2
2022-02-21,21574.3,M2
2022-02-28,21658.8,M2
2022-03-07,21811.9,M2
2022-03-14,21862.7,M2
2022-03-21,21865.8,M2
2022-03-28,21852.5,M2
2022-04-04,21995.8,M2
2022-04-11,21982.0,M2
2022-04-18,22055.0,M2
2022-04-25,21607.0,M2
2022-05-02,21613.2,M2
2022-05-09,21550.2,M2
2022-05-16,21582.1,M2
2022-05-23,21537.5,M2
2022-05-30,21523.5,M2
2022-06-06,21622.5,M2
2022-06-13,21597.4,M2
2022-06-20,21554.1,M2
2022-06-27,21528.3,M2
2022-07-04,21624.9,M2
2022-07-11,21590.6,M2
2022-07-18,21567.9,M2
2022-07-25,21520.4,M2
2022-08-01,21589.7,M2
2022-08-08,21581.9,M2
2022-08-15,21590.6,M2
2022-08-22,21536.0,M2
2022-08-29,21469.5,M2
2022-09-05,21538.1,M2
2022-09-12,21534.1,M2
2022-09-19,21478.1,M2
2022-09-26,21356.0,M2
2022-10-03,21428.3,M2
2022-10-10,21397.7,M2
2022-10-17,21430.3,M2
2022-10-24,21289.3,M2
2022-10-31,21341.6,M2
2022-11-07,21377.1,M2
2022-11-14,21376.5,M2
2022-11-21,21380.4,M2
2022-11-28,21340.4,M2
2022-12-05,21408.3,M2
2022-12-12,21406.7,M2
2022-12-19,21419.2,M2
2022-12-26,21393.7,M2
2023-01-02,21364.6,M2
2023-01-09,21416.6,M2
2023-01-16,21327.0,M2
2023-01-23,21181.1,M2
2023-01-30,21089.9,M2
2023-02-06,21161.3,M2
2023-02-13,21095.1,M2
2023-02-20,21086.7,M2
2023-02-27,21083.2,M2
2023-03-06,21131.0,M2
2023-03-13,21126.8,M2
2023-03-20,20988.7,M2
2023-03-27,20861.6,M2
2023-04-03,20918.2,M2
2023-04-10,21014.8,M2
2023-04-17,20936.0,M2
2023-04-24,20653.8,M2
2023-05-01,20615.6,M2
2023-05-08,20679.3,M2
2023-05-15,20674.1,M2
2023-05-22,20655.3,M2
2023-05-29,20713.2,M2
2023-06-05,20815.8,M2
2023-06-12,20741.3,M2
2023-06-19,20709.1,M2
2023-06-26,20636.6,M2
2023-07-03,20734.8,M2
2023-07-10,20747.2,M2
2023-07-17,20736.4,M2
2023-07-24,20624.3,M2
2023-07-31,20665.4,M2
2023-08-07,20718.3,M2
2023-08-14,20696.2,M2
2023-08-21,20635.0,M2
2023-08-28,20606.4,M2
2023-09-04,20689.7,M2
2023-09-11,20685.3,M2
2023-09-18,20654.3,M2
2023-09-25,20548.4,M2
2023-10-02,20643.1,M2
2023-10-09,20639.4,M2
2023-10-16,20690.9,M2
2023-10-23,20528.2,M2
2023-10-30,20523.4,M2
2023-11-06,20638.3,M2
2023-11-13,20638.1,M2
2023-11-20,20688.9,M2
2023-11-27,20679.2,M2
2023-12-04,20777.8,M2
2023-12-11,20773.9,M2
2023-12-18,20846.9,M2
2023-12-25,20873.4,M2
2024-01-01,20855.3,M2
2024-01-08,20884.0,M2
2024-01-15,20869.8,M2
2024-01-22,20739.5,M2
2024-01-29,20685.9,M2
2024-02-05,20813.3,M2
2024-02-12,20732.7,M2
2024-02-19,20743.0,M2
2024-02-26,20730.8,M2
2024-03-04,20897.3,M2
2024-03-11,20945.7,M2
2024-03-18,21023.3,M2
2024-03-25,20978.5,M2
2024-04-01,21149.7,M2
2024-04-08,21132.0,M2
2024-04-15,21132.7,M2
2024-04-22,20866.9,M2
2024-04-29,20783.1,M2
2024-05-06,20869.4,M2
2024-05-13,20821.4,M2
2024-05-20,20850.1,M2
2024-05-27,20797.0,M2
2024-06-03,20949.1,M2
2024-06-10,20978.2,M2
2024-06-17,20993.5,M2
2024-06-24,20898.7,M2
2024-07-01,20937.8,M2
2024-07-08,21010.5,M2
2024-07-15,21000.0,M2
2024-07-22,20937.5,M2
2024-07-29,20914.7,M2
2024-08-05,21084.4,M2
2024-08-12,21066.4,M2
2024-08-19,21084.8,M2
2024-08-26,21031.0,M2
2024-09-02,21135.3,M2
2024-09-09,21224.6,M2
2024-09-16,21203.7,M2
2024-09-23,21105.2,M2
2024-09-30,21159.5,M2
2024-10-07,21251.3,M2
2024-10-14,21228.1,M2
2024-10-21,21229.8,M2
2024-10-28,21203.1,M2
2024-11-04,21391.7,M2
